id	story_id	kind	prompt	answer	accepted_reasoning	source_refs	scene_ids	practice_ids
luminara.adventure.001.card01	luminara.adventure.001	definition	For a chlorine atom or ion, what does atomic number 17 count?	The 17 protons in its nucleus. Proton number fixes its identity as chlorine.	A proton-count explanation is sufficient; electrons or mass number do not define atomic number.	"[""SOURCES.md#ref-01"", ""https://openstax.org/books/chemistry-2e/pages/2-3-atomic-structure-and-symbolism""]"	"[""ch01-scene-11"", ""ch01-scene-14""]"	"[""luminara.adventure.001.q02"", ""luminara.adventure.001.q05""]"
luminara.adventure.001.card02	luminara.adventure.001	definition	What does ground state mean for a neutral fluorine atom in this chapter?	Its lowest-energy electronic state. The chapter’s configuration clues assume that state rather than an excited state.	Accept lowest-energy arrangement/state in context; do not require the phrase electronic state verbatim.	"[""SOURCES.md#ref-02"", ""https://openstax.org/books/chemistry-2e/pages/6-4-electronic-structure-of-atoms-electron-configurations""]"	"[""ch01-scene-08""]"	"[""luminara.adventure.001.q09""]"
luminara.adventure.001.card03	luminara.adventure.001	definition	In the chapter’s neutral, first-twenty main-group examples, what are valence electrons?	Electrons in the outermost occupied principal shell, under this stated main-group convention.	Accept outer-shell electrons with the stated scope. Do not export this rule unchanged to all transition-metal contexts.	"[""SOURCES.md#ref-02"", ""https://openstax.org/books/chemistry-2e/pages/6-4-electronic-structure-of-atoms-electron-configurations""]"	"[""ch01-scene-19"", ""ch01-scene-05""]"	"[""luminara.adventure.001.q06"", ""luminara.adventure.001.q04""]"
luminara.adventure.001.card04	luminara.adventure.001	definition	What is subshell occupancy in the notation 3p⁵?	The number of electrons assigned to that subshell; here the 3p subshell contains five electrons.	Recognize that five is an occupancy of 3p, not five electrons in the whole atom. Equivalent spoken or plain-text notation is welcome.	"[""SOURCES.md#ref-02"", ""https://openstax.org/books/chemistry-2e/pages/6-4-electronic-structure-of-atoms-electron-configurations""]"	"[""ch01-scene-04""]"	"[""luminara.adventure.001.q03"", ""luminara.adventure.001.q05""]"
luminara.adventure.001.card05	luminara.adventure.001	contrast	How does the n = 3 shell differ from its 3p subshell?	The shell groups states with principal quantum number 3. The 3p subshell is one part of that shell, distinguished by the p subshell type.	A whole-category versus subcategory explanation is enough. Neither is a literal circular electron track.	"[""SOURCES.md#ref-03"", ""SOURCES.md#ref-02"", ""https://openstax.org/books/chemistry-2e/pages/6-3-development-of-quantum-theory"", ""https://openstax.org/books/chemistry-2e/pages/6-4-electronic-structure-of-atoms-electron-configurations""]"	"[""ch01-scene-06""]"	"[""luminara.adventure.001.q07""]"
luminara.adventure.001.card06	luminara.adventure.001	contrast	For chlorine on a periodic table, how do period and group differ?	Period 3 is its horizontal row; group 17 is its numbered column.	Identify row versus column. A temporal meaning of period does not apply here.	"[""SOURCES.md#ref-02"", ""SOURCES.md#ref-04"", ""https://openstax.org/books/chemistry-2e/pages/6-4-electronic-structure-of-atoms-electron-configurations"", ""https://physics.nist.gov/PhysRefData/Handbook/Tables/chlorinetable1.htm""]"	"[""ch01-scene-02""]"	"[""luminara.adventure.001.q11""]"
luminara.adventure.001.card07	luminara.adventure.001	contrast	Why is ns² np⁵ an outer pattern rather than a complete electron configuration for F or Cl?	It describes the outer s and p occupancies without specifying n or listing all the inner electrons.	Accept an explanation of missing principal-shell identity and core inventory, rather than an exact definition.	"[""SOURCES.md#ref-02"", ""SOURCES.md#ref-05"", ""SOURCES.md#ref-04"", ""https://openstax.org/books/chemistry-2e/pages/6-4-electronic-structure-of-atoms-electron-configurations"", ""https://physics.nist.gov/PhysRefData/Handbook/Tables/fluorinetable1.htm"", ""https://physics.nist.gov/PhysRefData/Handbook/Tables/chlorinetable1.htm""]"	"[""ch01-scene-04"", ""ch01-scene-05""]"	"[""luminara.adventure.001.q03"", ""luminara.adventure.001.q11""]"
luminara.adventure.001.card08	luminara.adventure.001	contrast	What is the difference between saying F and Cl share a group pattern and saying they behave identically?	Their related outer configurations support useful chemical similarities. They do not make every size, energy, or reaction property identical.	Name the restricted similarity and reject universal identity; no particular property value is required.	"[""SOURCES.md#ref-02"", ""https://openstax.org/books/chemistry-2e/pages/6-4-electronic-structure-of-atoms-electron-configurations""]"	"[""ch01-scene-16""]"	"[""luminara.adventure.001.q04"", ""luminara.adventure.001.q15""]"
luminara.adventure.001.card09	luminara.adventure.001	application	A neutral ground-state first-twenty atom fits ns² np⁵ and is in period 3. Which element fits?	Chlorine: the additional period clue selects 3s² 3p⁵ rather than fluorine’s 2s² 2p⁵.	Credit elimination of F by the period clue. Chlorine without any reasoning is a starting answer, not the whole explanation.	"[""SOURCES.md#ref-02"", ""SOURCES.md#ref-05"", ""SOURCES.md#ref-04"", ""https://openstax.org/books/chemistry-2e/pages/6-4-electronic-structure-of-atoms-electron-configurations"", ""https://physics.nist.gov/PhysRefData/Handbook/Tables/fluorinetable1.htm"", ""https://physics.nist.gov/PhysRefData/Handbook/Tables/chlorinetable1.htm""]"	"[""ch01-scene-13""]"	"[""luminara.adventure.001.q11""]"
luminara.adventure.001.card10	luminara.adventure.001	application	How many electrons are represented by 1s² 2s² 2p⁶ 3s² 3p⁵?	17 electrons: 2 + 2 + 6 + 2 + 5.	Any correct sum or labeled counting explanation is sufficient. The result is an electron inventory, not automatically an atomic number for every species.	"[""SOURCES.md#ref-02"", ""SOURCES.md#ref-04"", ""https://openstax.org/books/chemistry-2e/pages/6-4-electronic-structure-of-atoms-electron-configurations"", ""https://physics.nist.gov/PhysRefData/Handbook/Tables/chlorinetable1.htm""]"	"[""ch01-scene-05"", ""ch01-scene-13""]"	"[""luminara.adventure.001.q03""]"
luminara.adventure.001.card11	luminara.adventure.001	application	A species has 17 protons and 18 electrons. Which element does it belong to?	Chlorine, because its 17 protons determine the element even though the electron count differs from that of neutral chlorine.	Accept Cl or chlorine with a proton-identity explanation. Identifying the negative ion is welcome but not needed for this card’s identity question.	"[""SOURCES.md#ref-01"", ""https://openstax.org/books/chemistry-2e/pages/2-3-atomic-structure-and-symbolism""]"	"[""ch01-scene-14""]"	"[""luminara.adventure.001.q02""]"
luminara.adventure.001.card12	luminara.adventure.001	application	Oxygen has outer configuration 2s² 2p⁴ and sulfur has 3s² 3p⁴. What one missing clue would distinguish them in a neutral ground-state first-twenty search?	The period, or equivalently the value of the outer principal quantum number n: 2 selects oxygen and 3 selects sulfur.	Any independently supplied discriminator, such as atomic number 8 versus 16, is also valid. Do not reward a guess from the shared outer pattern alone.	"[""SOURCES.md#ref-02"", ""https://openstax.org/books/chemistry-2e/pages/6-4-electronic-structure-of-atoms-electron-configurations""]"	"[""ch01-scene-17""]"	"[""luminara.adventure.001.q01"", ""luminara.adventure.001.q12""]"
luminara.adventure.002.card01	luminara.adventure.002	definition	What does [Ne] represent in neutral sodium’s [Ne] 3s¹ configuration?	It abbreviates 1s² 2s² 2p⁶, accounting for ten core electrons. It is not a neon atom inside sodium.	Accept the expanded configuration or a precise ten-electron core description; retain the distinction between notation and a physical extra atom.	"[""SOURCES.md#ref-02"", ""SOURCES.md#ref-06"", ""https://openstax.org/books/chemistry-2e/pages/6-4-electronic-structure-of-atoms-electron-configurations"", ""https://physics.nist.gov/PhysRefData/Handbook/Tables/sodiumtable1.htm""]"	"[""ch02-scene-03""]"	"[""luminara.adventure.002.q11"", ""luminara.adventure.002.q01""]"
luminara.adventure.002.card02	luminara.adventure.002	definition	What does an occupancy check ask after a configuration’s electron total has been counted?	Whether those electrons occupy the appropriate stated subshells for the specified species and state.	A correct total alone does not pass this check. A ground-state check needs a suitable verified configuration.	"[""SOURCES.md#ref-02"", ""SOURCES.md#ref-07"", ""https://openstax.org/books/chemistry-2e/pages/6-4-electronic-structure-of-atoms-electron-configurations"", ""https://physics.nist.gov/PhysRefData/Handbook/Tables/calciumtable1.htm""]"	"[""ch02-scene-15""]"	"[""luminara.adventure.002.q03"", ""luminara.adventure.002.q12""]"
luminara.adventure.002.card03	luminara.adventure.002	definition	In the chapter’s Na⁺ and Ne comparison, what does isoelectronic mean?	They have the same electron count and matching ground-state electronic configurations, while their nuclei identify different elements.	Accept same electron configuration or same ten-electron inventory with the stated ground-state comparison. Do not infer identical size or energies.	"[""SOURCES.md#ref-02"", ""SOURCES.md#ref-01"", ""https://openstax.org/books/chemistry-2e/pages/6-4-electronic-structure-of-atoms-electron-configurations"", ""https://openstax.org/books/chemistry-2e/pages/2-3-atomic-structure-and-symbolism""]"	"[""ch02-scene-09""]"	"[""luminara.adventure.002.q06""]"
luminara.adventure.002.card04	luminara.adventure.002	definition	What makes the sodium ion Na⁺ a cation?	Its net electric charge is positive; Na⁺ has one more proton than electron.	The defining feature is positive net charge, not being a metal or having only one atom.	"[""SOURCES.md#ref-08"", ""SOURCES.md#ref-01"", ""https://openstax.org/books/chemistry-2e/pages/2-6-ionic-and-molecular-compounds"", ""https://openstax.org/books/chemistry-2e/pages/2-3-atomic-structure-and-symbolism""]"	"[""ch02-scene-09""]"	"[""luminara.adventure.002.q06"", ""luminara.adventure.002.q09""]"
luminara.adventure.002.card05	luminara.adventure.002	contrast	How do [He] 2s² 2p⁶ 3s² and [Ne] 3s² differ as descriptions of neutral magnesium?	They expand to the same electron configuration; the neon-core form is the compact version requested by a nearest-earlier-noble-gas convention.	Distinguish correct inventory from requested formatting. The longer helium-core expression is not a lost-electron error.	"[""SOURCES.md#ref-02"", ""https://openstax.org/books/chemistry-2e/pages/6-4-electronic-structure-of-atoms-electron-configurations""]"	"[""ch02-scene-06"", ""ch02-scene-11""]"	"[""luminara.adventure.002.q01"", ""luminara.adventure.002.q13""]"
luminara.adventure.002.card06	luminara.adventure.002	contrast	Why can [Ar] 3d² pass an electron-count check for neutral Ca yet fail its ground-state check?	The argon core plus two electrons totals 20, but verified neutral ground-state calcium is [Ar] 4s², not [Ar] 3d².	State that total and placement are different checks. Do not turn this example into a universal transition-metal removal rule.	"[""SOURCES.md#ref-07"", ""SOURCES.md#ref-02"", ""https://physics.nist.gov/PhysRefData/Handbook/Tables/calciumtable1.htm"", ""https://openstax.org/books/chemistry-2e/pages/6-4-electronic-structure-of-atoms-electron-configurations""]"	"[""ch02-scene-15""]"	"[""luminara.adventure.002.q03"", ""luminara.adventure.002.q12""]"
luminara.adventure.002.card07	luminara.adventure.002	contrast	What remains the same when neutral Na becomes Na⁺ by electron removal in the chapter’s bookkeeping model?	Its nucleus still has 11 protons, so its elemental identity remains sodium; the electron inventory changes.	An unchanged proton count/element explanation is enough. Ion formation is not a nuclear change here.	"[""SOURCES.md#ref-01"", ""SOURCES.md#ref-06"", ""https://openstax.org/books/chemistry-2e/pages/2-3-atomic-structure-and-symbolism"", ""https://physics.nist.gov/PhysRefData/Handbook/Tables/sodiumtable1.htm""]"	"[""ch02-scene-09""]"	"[""luminara.adventure.002.q06"", ""luminara.adventure.002.q09""]"
luminara.adventure.002.card08	luminara.adventure.002	contrast	How does a charge ledger differ from an explanation of whether sodium ionization occurs spontaneously?	The ledger accounts for charges and the removed electron. Spontaneity needs energetic and environmental information that the count alone does not supply.	Credit the boundary between conservation/bookkeeping and a physical process’s feasibility. No advanced thermodynamic calculation is expected.	"[""SOURCES.md#ref-01"", ""SOURCES.md#ref-09"", ""https://openstax.org/books/chemistry-2e/pages/2-3-atomic-structure-and-symbolism"", ""https://openstax.org/books/chemistry-2e/pages/7-1-ionic-bonding""]"	"[""ch02-scene-10"", ""ch02-scene-12""]"	"[""luminara.adventure.002.q09"", ""luminara.adventure.002.q10""]"
luminara.adventure.002.card09	luminara.adventure.002	application	Expand [Ne] 3s² without losing any represented electrons.	1s² 2s² 2p⁶ 3s².	Equivalent unambiguous text is sufficient. The neon core must contribute all ten of its electrons.	"[""SOURCES.md#ref-02"", ""https://openstax.org/books/chemistry-2e/pages/6-4-electronic-structure-of-atoms-electron-configurations""]"	"[""ch02-scene-03"", ""ch02-scene-11""]"	"[""luminara.adventure.002.q01""]"
luminara.adventure.002.card10	luminara.adventure.002	application	How many electrons are missing from [He] 3s² if it is proposed for neutral magnesium, Z = 12?	Eight. The written inventory is 2 + 2 = 4, whereas neutral magnesium needs 12; 2s² 2p⁶ is missing.	Credit the difference 12 − 4 = 8 or identification of the omitted eight-electron block.	"[""SOURCES.md#ref-02"", ""https://openstax.org/books/chemistry-2e/pages/6-4-electronic-structure-of-atoms-electron-configurations""]"	"[""ch02-scene-04"", ""ch02-scene-11""]"	"[""luminara.adventure.002.q01""]"
luminara.adventure.002.card11	luminara.adventure.002	application	What net charge does a monatomic species with 12 protons and 10 electrons have?	+2 in elementary-charge units, because 12 − 10 = +2.	Accept 2+, +2, or a labeled balance drawing. Removing negative charge makes the remaining balance more positive.	"[""SOURCES.md#ref-01"", ""https://openstax.org/books/chemistry-2e/pages/2-3-atomic-structure-and-symbolism""]"	"[""ch02-scene-11""]"	"[""luminara.adventure.002.q02"", ""luminara.adventure.002.q06""]"
luminara.adventure.002.card12	luminara.adventure.002	application	Write neutral neon using the immediately preceding noble-gas core convention.	[He] 2s² 2p⁶.	The task requests the preceding core, so helium plus the remaining terms is appropriate. This is a notation convention, not a physical change in neon.	"[""SOURCES.md#ref-02"", ""https://openstax.org/books/chemistry-2e/pages/6-4-electronic-structure-of-atoms-electron-configurations""]"	"[""ch02-scene-07""]"	"[""luminara.adventure.002.q04"", ""luminara.adventure.002.q11""]"
luminara.adventure.003.card01	luminara.adventure.003	definition	What is a lattice in the chapter’s ordinary solid NaCl model?	An extended repeating arrangement of ions in three dimensions, rather than a collection of separate NaCl couples.	Accept a repeated ionic network with the solid-state scope. Do not require a drawing or a particular viewing angle.	"[""SOURCES.md#ref-10"", ""SOURCES.md#ref-08"", ""https://openstax.org/books/chemistry-2e/pages/10-6-lattice-structures-in-crystalline-solids"", ""https://openstax.org/books/chemistry-2e/pages/2-6-ionic-and-molecular-compounds""]"	"[""ch03-scene-02"", ""ch03-scene-05""]"	"[""luminara.adventure.003.q04"", ""luminara.adventure.003.q14""]"
luminara.adventure.003.card02	luminara.adventure.003	definition	What does one NaCl formula unit specify for the ordinary ionic solid?	One sodium ion for each chloride ion in the represented composition ratio. It does not identify an isolated two-ion molecule in the crystal.	Credit the 1:1 composition-unit meaning and the absence of special separate pairs.	"[""SOURCES.md#ref-08"", ""SOURCES.md#ref-11"", ""https://openstax.org/books/chemistry-2e/pages/2-6-ionic-and-molecular-compounds"", ""https://openstax.org/books/chemistry-2e/pages/2-4-chemical-formulas""]"	"[""ch03-scene-05""]"	"[""luminara.adventure.003.q04""]"
luminara.adventure.003.card03	luminara.adventure.003	definition	Why is NH₄⁺ called a polyatomic ion?	It is a bonded group of more than one atom with an overall nonzero charge, here +1.	Include both multiple atoms and net charge. Its internal N–H covalent bonds do not cancel the whole ion’s charge.	"[""SOURCES.md#ref-08"", ""https://openstax.org/books/chemistry-2e/pages/2-6-ionic-and-molecular-compounds""]"	"[""ch03-scene-10"", ""ch03-scene-11""]"	"[""luminara.adventure.003.q01""]"
luminara.adventure.003.card04	luminara.adventure.003	definition	What is an ionic compound in the chapter’s supplied simple models?	An electrically neutral substance composed of cations and anions, such as ordinary solid NaCl or ammonium carbonate.	Include positive and negative ions in an overall neutral composition. A metal is not part of the definition.	"[""SOURCES.md#ref-08"", ""https://openstax.org/books/chemistry-2e/pages/2-6-ionic-and-molecular-compounds""]"	"[""ch03-scene-12""]"	"[""luminara.adventure.003.q07""]"
luminara.adventure.003.card05	luminara.adventure.003	contrast	Why is N₂ a molecule but not a compound?	Its two bonded atoms form a discrete neutral molecule, but both atoms are nitrogen; a compound contains more than one element.	Distinguish number of atoms from number of elements. The presence of a covalent bond alone does not make a compound.	"[""SOURCES.md#ref-11"", ""SOURCES.md#ref-08"", ""https://openstax.org/books/chemistry-2e/pages/2-4-chemical-formulas"", ""https://openstax.org/books/chemistry-2e/pages/2-6-ionic-and-molecular-compounds""]"	"[""ch03-scene-10""]"	"[""luminara.adventure.003.q01""]"
luminara.adventure.003.card06	luminara.adventure.003	contrast	How can NH₄⁺ have covalent bonds and still be an ion?	Covalent describes its internal N–H bonding; ion describes the overall charged species. Those labels answer different questions.	Credit the distinction between bonding inside a group and net charge of the whole group.	"[""SOURCES.md#ref-08"", ""https://openstax.org/books/chemistry-2e/pages/2-6-ionic-and-molecular-compounds""]"	"[""ch03-scene-10""]"	"[""luminara.adventure.003.q01""]"
luminara.adventure.003.card07	luminara.adventure.003	contrast	In ordinary solid NaCl, why does six nearest opposite-charge neighbors not mean a NaCl₆ formula?	Six describes a local coordination environment; NaCl records the overall 1:1 ion composition throughout the extended lattice.	Contrast local neighbor count with bulk ratio. Neighbors are not exclusively owned by the central ion.	"[""SOURCES.md#ref-10"", ""SOURCES.md#ref-08"", ""https://openstax.org/books/chemistry-2e/pages/10-6-lattice-structures-in-crystalline-solids"", ""https://openstax.org/books/chemistry-2e/pages/2-6-ionic-and-molecular-compounds""]"	"[""ch03-scene-05""]"	"[""luminara.adventure.003.q04"", ""luminara.adventure.003.q06""]"
luminara.adventure.003.card08	luminara.adventure.003	contrast	How does electron-transfer bookkeeping differ from the interaction holding the NaCl lattice together?	Transfer bookkeeping tracks electron gain and loss in an introductory formation model. Ionic attraction concerns interactions among charges in the resulting structure.	Explain why a remembered unique donor–recipient partnership is not the lattice’s binding mechanism.	"[""SOURCES.md#ref-09"", ""SOURCES.md#ref-08"", ""https://openstax.org/books/chemistry-2e/pages/7-1-ionic-bonding"", ""https://openstax.org/books/chemistry-2e/pages/2-6-ionic-and-molecular-compounds""]"	"[""ch03-scene-06"", ""ch03-scene-07""]"	"[""luminara.adventure.003.q05"", ""luminara.adventure.003.q14""]"
luminara.adventure.003.card09	luminara.adventure.003	application	What ratio of intact NH₄⁺ ions to CO₃²⁻ ions makes a neutral ammonium carbonate composition?	2:1. Two +1 charges balance one −2 charge.	Accept a charge sum 2(+1) + (−2) = 0 or a labeled tile explanation. Internal ion subscripts stay unchanged.	"[""SOURCES.md#ref-08"", ""SOURCES.md#ref-12"", ""https://openstax.org/books/chemistry-2e/pages/2-6-ionic-and-molecular-compounds"", ""https://openstax.org/books/chemistry-2e/pages/2-7-chemical-nomenclature""]"	"[""ch03-scene-12""]"	"[""luminara.adventure.003.q07""]"
luminara.adventure.003.card10	luminara.adventure.003	application	In Ca(NO₃)₂, what does the outside subscript 2 multiply?	The entire nitrate group NO₃: it represents two nitrate ions, with two nitrogen atoms and six oxygen atoms in the formula-unit composition.	Credit whole-group multiplication; Ca is outside those parentheses and is not multiplied by this 2.	"[""SOURCES.md#ref-11"", ""SOURCES.md#ref-12"", ""https://openstax.org/books/chemistry-2e/pages/2-4-chemical-formulas"", ""https://openstax.org/books/chemistry-2e/pages/2-7-chemical-nomenclature""]"	"[""ch03-scene-13""]"	"[""luminara.adventure.003.q02"", ""luminara.adventure.003.q08""]"
luminara.adventure.003.card11	luminara.adventure.003	application	Using Al³⁺ and O²⁻, what simplest whole-ion ratio makes a neutral formula?	Two aluminum ions to three oxide ions, giving Al₂O₃: +6 and −6 balance.	A smallest whole-number charge-balance explanation is sufficient. Neutrality alone does not prove a proposed substance’s stability or synthesis.	"[""SOURCES.md#ref-08"", ""SOURCES.md#ref-12"", ""https://openstax.org/books/chemistry-2e/pages/2-6-ionic-and-molecular-compounds"", ""https://openstax.org/books/chemistry-2e/pages/2-7-chemical-nomenclature""]"	"[""ch03-scene-14""]"	"[""luminara.adventure.003.q03""]"
luminara.adventure.003.card12	luminara.adventure.003	application	Ammonium carbonate is known to contain NH₄⁺ and CO₃²⁻. Does its lack of a metal make it molecular?	No. The verified cation and anion identities identify an ionic compound; the cation here is ammonium.	Use the supplied identities rather than a metal/nonmetal shortcut. This is not a claim that every metal-free formula is ionic.	"[""SOURCES.md#ref-08"", ""SOURCES.md#ref-12"", ""https://openstax.org/books/chemistry-2e/pages/2-6-ionic-and-molecular-compounds"", ""https://openstax.org/books/chemistry-2e/pages/2-7-chemical-nomenclature""]"	"[""ch03-scene-12""]"	"[""luminara.adventure.003.q07""]"
luminara.adventure.004.card01	luminara.adventure.004	definition	What does III specify in the name iron(III) oxide?	Iron’s oxidation state is +3. In this supplied simple monatomic-ion model, that agrees with the Fe³⁺ ion charge.	Accept oxidation state plus three. Do not equate every oxidation state in all compounds with a localized physical ionic charge.	"[""SOURCES.md#ref-12"", ""https://openstax.org/books/chemistry-2e/pages/2-7-chemical-nomenclature""]"	"[""ch04-scene-04""]"	"[""luminara.adventure.004.q06""]"
luminara.adventure.004.card02	luminara.adventure.004	definition	What does di- specify in carbon dioxide?	Two oxygen atoms per CO₂ molecule.	Tie the prefix to oxygen atom count in the molecule, not to carbon charge or number of molecules.	"[""SOURCES.md#ref-12"", ""SOURCES.md#ref-11"", ""https://openstax.org/books/chemistry-2e/pages/2-7-chemical-nomenclature"", ""https://openstax.org/books/chemistry-2e/pages/2-4-chemical-formulas""]"	"[""ch04-scene-14""]"	"[""luminara.adventure.004.q03"", ""luminara.adventure.004.q13""]"
luminara.adventure.004.card03	luminara.adventure.004	definition	In FeCl₂, what does the subscript 2 after Cl specify?	Two chloride ions per iron ion in the conventional formula-unit composition ratio of this supplied ionic compound.	Count chloride in the ionic composition; it neither counts iron atoms nor states the iron oxidation state by itself.	"[""SOURCES.md#ref-11"", ""SOURCES.md#ref-12"", ""https://openstax.org/books/chemistry-2e/pages/2-4-chemical-formulas"", ""https://openstax.org/books/chemistry-2e/pages/2-7-chemical-nomenclature""]"	"[""ch04-scene-03""]"	"[""luminara.adventure.004.q01""]"
luminara.adventure.004.card04	luminara.adventure.004	definition	What is the empirical formula of N₂O₄ intended to report?	Its simplest atom-number ratio, N:O = 1:2, written NO₂.	Explain the ratio purpose. An empirical formula does not state that an N₂O₄ molecule has only one N and two O atoms.	"[""SOURCES.md#ref-11"", ""https://openstax.org/books/chemistry-2e/pages/2-4-chemical-formulas""]"	"[""ch04-scene-15""]"	"[""luminara.adventure.004.q04""]"
luminara.adventure.004.card05	luminara.adventure.004	contrast	How do the II in iron(II) chloride and the 2 in FeCl₂ perform different jobs?	II names iron’s +2 oxidation state; the subscript 2 gives the chloride count relative to iron in the formula-unit composition.	Keep formal oxidation state separate from the ion ratio. Both are related by neutrality, but they are not interchangeable symbols.	"[""SOURCES.md#ref-12"", ""SOURCES.md#ref-11"", ""https://openstax.org/books/chemistry-2e/pages/2-7-chemical-nomenclature"", ""https://openstax.org/books/chemistry-2e/pages/2-4-chemical-formulas""]"	"[""ch04-scene-03"", ""ch04-scene-04""]"	"[""luminara.adventure.004.q01"", ""luminara.adventure.004.q06""]"
luminara.adventure.004.card06	luminara.adventure.004	contrast	Why does the chapter use magnesium chloride for ionic MgCl₂ but phosphorus trichloride for molecular PCl₃?	The supplied ionic naming route names ions without molecular count prefixes; the binary molecular route uses prefixes for atoms per molecule.	Identify the naming convention before interpreting the subscript. Magnesium(II) chloride is not chemically nonsensical; the numeral is unnecessary in the stated introductory convention. Broader compositional nomenclature also permits count prefixes for ionic compounds; a prefix alone does not prove molecular structure.	"[""SOURCES.md#ref-12"", ""https://openstax.org/books/chemistry-2e/pages/2-7-chemical-nomenclature""]"	"[""ch04-scene-06"", ""ch04-scene-14""]"	"[""luminara.adventure.004.q03"", ""luminara.adventure.004.q07""]"
luminara.adventure.004.card07	luminara.adventure.004	contrast	Why may H₂O₂ have empirical formula HO while its molecular formula must remain H₂O₂?	HO gives a simplest ratio; H₂O₂ gives the actual two hydrogen and two oxygen atoms per molecule. The requested information is different.	Credit ratio versus molecule contents. Reducing the written formula does not preserve its molecular-composition statement.	"[""SOURCES.md#ref-11"", ""https://openstax.org/books/chemistry-2e/pages/2-4-chemical-formulas""]"	"[""ch04-scene-15""]"	"[""luminara.adventure.004.q04""]"
luminara.adventure.004.card08	luminara.adventure.004	contrast	Why should known NH₄⁺ and SO₄²⁻ identities outrank the shortcut “no metal means molecular” for (NH₄)₂SO₄?	The species are verified ions, so the compound follows the ionic route even though all of its elements are nonmetals.	Use the identity/structure evidence as the stronger basis. A shortcut is a clue, not a universal classification law.	"[""SOURCES.md#ref-08"", ""SOURCES.md#ref-12"", ""https://openstax.org/books/chemistry-2e/pages/2-6-ionic-and-molecular-compounds"", ""https://openstax.org/books/chemistry-2e/pages/2-7-chemical-nomenclature""]"	"[""ch04-scene-07""]"	"[""luminara.adventure.004.q14""]"
luminara.adventure.004.card09	luminara.adventure.004	application	For supplied simple ionic Fe₂O₃ with O²⁻, which Roman numeral belongs in iron’s name?	III: three oxide ions contribute −6, so two iron ions must contribute +6 in total, or +3 each.	Accept the charge equation 2q + 3(−2) = 0, a diagram, or clear verbal balancing. The 2 after Fe is not the Roman numeral.	"[""SOURCES.md#ref-12"", ""https://openstax.org/books/chemistry-2e/pages/2-7-chemical-nomenclature""]"	"[""ch04-scene-04""]"	"[""luminara.adventure.004.q06""]"
luminara.adventure.004.card10	luminara.adventure.004	application	For supplied simple ionic CuCl₂ with Cl⁻, which oxidation state belongs to copper?	+2, since two chloride ions contribute −2 and the one copper ion must balance them.	A neutral-charge sum is enough. The corresponding introductory name is copper(II) chloride, but naming spelling is not this card’s target.	"[""SOURCES.md#ref-12"", ""https://openstax.org/books/chemistry-2e/pages/2-7-chemical-nomenclature""]"	"[""ch04-scene-05""]"	"[""luminara.adventure.004.q01"", ""luminara.adventure.004.q07""]"
luminara.adventure.004.card11	luminara.adventure.004	application	In the binary molecular name sulfur hexafluoride, how many F atoms belong to one molecule?	Six, because hexa- gives the fluorine count; the molecular formula is SF₆.	Accept six with a prefix explanation. This is atom count, not a fluorine charge.	"[""SOURCES.md#ref-12"", ""https://openstax.org/books/chemistry-2e/pages/2-7-chemical-nomenclature""]"	"[""ch04-scene-14""]"	"[""luminara.adventure.004.q03""]"
luminara.adventure.004.card12	luminara.adventure.004	application	Using the supplied ion names ammonium (NH₄⁺) and carbonate (CO₃²⁻), name (NH₄)₂CO₃ in the chapter’s introductory ionic convention.	Ammonium carbonate.	Name the cation and anion. Do not require a molecular di- prefix for the two ammonium ions in this convention.	"[""SOURCES.md#ref-12"", ""https://openstax.org/books/chemistry-2e/pages/2-7-chemical-nomenclature""]"	"[""ch04-scene-18""]"	"[""luminara.adventure.004.q02""]"
luminara.adventure.005.card01	luminara.adventure.005	definition	What quantity does the unit mole measure when the named entities are O₂ molecules?	Amount of substance of those specified O₂ molecules. One mole corresponds to exactly 6.02214076 × 10²³ such molecules.	Include the entity and the counting meaning. A mole is not a mass unit.	"[""SOURCES.md#ref-13"", ""https://www.bipm.org/en/si-base-units/mole""]"	"[""ch05-scene-02""]"	"[""luminara.adventure.005.q05"", ""luminara.adventure.005.q01""]"
luminara.adventure.005.card02	luminara.adventure.005	definition	What is the Avogadro constant used to connect?	Amount of substance n in mol with the number N of specified entities: N = nN_A, where N_A is exactly 6.02214076 × 10²³ mol⁻¹.	An equivalent verbal conversion is enough. Keep the per-mole unit and the entity label.	"[""SOURCES.md#ref-13"", ""https://www.bipm.org/en/si-base-units/mole""]"	"[""ch05-scene-02""]"	"[""luminara.adventure.005.q01"", ""luminara.adventure.005.q14""]"
luminara.adventure.005.card03	luminara.adventure.005	definition	What does the supplied molar mass 32.00 g/mol mean for O₂?	Approximately 32.00 grams per mole of O₂ molecules at the precision of the supplied value.	State mass per mole of the specified substance. The rounded molar mass is not made exact by the exact Avogadro constant.	"[""SOURCES.md#ref-14"", ""https://openstax.org/books/chemistry-2e/pages/3-1-formula-mass-and-the-mole-concept""]"	"[""ch05-scene-05""]"	"[""luminara.adventure.005.q02""]"
luminara.adventure.005.card04	luminara.adventure.005	definition	What makes two atoms isotopes of the same element?	They have the same proton number and different neutron numbers.	Both features matter. Different electron counts alone identify ionization differences, not different isotopes.	"[""SOURCES.md#ref-01"", ""https://openstax.org/books/chemistry-2e/pages/2-3-atomic-structure-and-symbolism""]"	"[""ch05-scene-09""]"	"[""luminara.adventure.005.q03"", ""luminara.adventure.005.q14""]"
luminara.adventure.005.card05	luminara.adventure.005	contrast	How does one mole of O₂ molecules differ from one mole of oxygen atoms within those molecules?	One mole of O₂ molecules contains two moles of oxygen atoms within them. The entity label determines which count is being reported.	Use the two-atoms-per-molecule relationship. The atoms need not be separate free atoms.	"[""SOURCES.md#ref-13"", ""SOURCES.md#ref-11"", ""https://www.bipm.org/en/si-base-units/mole"", ""https://openstax.org/books/chemistry-2e/pages/2-4-chemical-formulas""]"	"[""ch05-scene-03""]"	"[""luminara.adventure.005.q02"", ""luminara.adventure.005.q01""]"
luminara.adventure.005.card06	luminara.adventure.005	contrast	Why can equal amounts of Ne atoms and O₂ molecules have different masses?	Equal mole amounts give equal numbers of the named entities, but Ne atoms and O₂ molecules have different masses, so their molar masses differ.	A count-versus-mass explanation is sufficient. Equal amount does not mean equal mass or equal total atom count.	"[""SOURCES.md#ref-14"", ""https://openstax.org/books/chemistry-2e/pages/3-1-formula-mass-and-the-mole-concept""]"	"[""ch05-scene-05""]"	"[""luminara.adventure.005.q02""]"
luminara.adventure.005.card07	luminara.adventure.005	contrast	In the artificial 24 u/26 u isotope model, how does a sample’s average mass differ from an individual atom’s mass?	The average summarizes the atom-number-weighted mixture. Each modeled atom still has its assigned 24 u or 26 u mass, not necessarily the average.	Reject fractional-neutron interpretations of the mean. These invented masses do not assert that real isotope masses are integers.	"[""SOURCES.md#ref-01"", ""https://openstax.org/books/chemistry-2e/pages/2-3-atomic-structure-and-symbolism""]"	"[""ch05-scene-10""]"	"[""luminara.adventure.005.q03"", ""luminara.adventure.005.q04""]"
luminara.adventure.005.card08	luminara.adventure.005	contrast	How do the quantities labeled u, dimensionless relative atomic mass, and g/mol differ?	u can label an atomic or average atomic mass; relative atomic mass is a dimensionless ratio to the atomic mass constant; g/mol labels molar mass.	Credit the distinction of quantities and units. Their familiar numerical correspondence does not authorize swapping unit labels or claiming an exact post-2019 SI identity.	"[""SOURCES.md#ref-15"", ""SOURCES.md#ref-16"", ""https://www.nist.gov/pml/special-publication-330/sp-330-section-2"", ""https://www.ciaaw.org/info.htm""]"	"[""ch05-scene-16""]"	"[""luminara.adventure.005.q14""]"
luminara.adventure.005.card09	luminara.adventure.005	application	In a thought experiment containing exactly 0.25 mol of N₂O₄ molecules, how many molecules are represented?	1.50553519 × 10²³ N₂O₄ molecules, from 0.25 mol × 6.02214076 × 10²³ mol⁻¹.	Keep the molecule entity and show the amount-to-count conversion. Exactness here follows the explicitly exact thought-experiment amount and constant.	"[""SOURCES.md#ref-13"", ""https://www.bipm.org/en/si-base-units/mole""]"	"[""ch05-scene-19"", ""ch05-scene-20""]"	"[""luminara.adventure.005.q01""]"
luminara.adventure.005.card10	luminara.adventure.005	application	Exactly 0.25 mol of N₂O₄ molecules contains how many moles of oxygen atoms within those molecules?	Exactly 1 mol of oxygen atoms, because each N₂O₄ molecule contains four O atoms and 0.25 × 4 = 1.	Use four O atoms per molecule, not six total atoms per molecule. Those oxygen atoms remain within the molecules.	"[""SOURCES.md#ref-11"", ""SOURCES.md#ref-13"", ""https://openstax.org/books/chemistry-2e/pages/2-4-chemical-formulas"", ""https://www.bipm.org/en/si-base-units/mole""]"	"[""ch05-scene-03"", ""ch05-scene-20""]"	"[""luminara.adventure.005.q01""]"
luminara.adventure.005.card11	luminara.adventure.005	application	Using the supplied approximate M(O₂) = 32.00 g/mol, what mass corresponds to 2.00 mol of O₂ molecules?	64.0 g at three significant figures: 2.00 mol × 32.00 g/mol = 64.00 g before rounding.	Credit dimensional cancellation to grams and appropriate precision. More digits in a calculator result do not make the inputs exact.	"[""SOURCES.md#ref-14"", ""https://openstax.org/books/chemistry-2e/pages/3-1-formula-mass-and-the-mole-concept""]"	"[""ch05-scene-05"", ""ch05-scene-06""]"	"[""luminara.adventure.005.q02""]"
luminara.adventure.005.card12	luminara.adventure.005	application	For an explicitly artificial mixture with 75% of atoms assigned 24 u and 25% assigned 26 u, what is the average atomic mass?	24.5 u, from 0.75(24 u) + 0.25(26 u).	Weight by fractions of atom number, not by mass fractions or an unweighted midpoint. The answer lies closer to 24 u because those model atoms are more abundant.	"[""SOURCES.md#ref-01"", ""https://openstax.org/books/chemistry-2e/pages/2-3-atomic-structure-and-symbolism""]"	"[""ch05-scene-10""]"	"[""luminara.adventure.005.q03""]"
