At. num,El. Name,Ground Shells (a),Ground Level,Prefix,Ionization Energy (eV),Suffix,Uncertainty (b) (eV),
"=""1""","=""Hydrogen""","=""1s""","=""2S<1/2>""","=""(""","=""13.598434599702""","="")""","=""0.000000000012""",
"=""2""","=""Helium""","=""1s2""","=""1S0""","=""""","=""24.587389011""","=""""","=""0.000000025""",
"=""3""","=""Lithium""","=""1s2.2s""","=""2S<1/2>""","=""""","=""5.391714996""","=""""","=""0.000000022""",
"=""4""","=""Beryllium""","=""1s2.2s2""","=""1S0""","=""""","=""9.322699""","=""""","=""0.000007""",
"=""5""","=""Boron""","=""1s2.2s2.2p""","=""2P*<1/2>""","=""""","=""8.298019""","=""""","=""0.000003""",
"=""6""","=""Carbon""","=""1s2.2s2.2p2""","=""3P0""","=""""","=""11.2602880""","=""""","=""0.0000011""",
"=""7""","=""Nitrogen""","=""1s2.2s2.2p3""","=""4S*<3/2>""","=""""","=""14.53413""","=""""","=""0.00004""",
"=""8""","=""Oxygen""","=""1s2.2s2.2p4""","=""3P<2>""","=""""","=""13.618055""","=""""","=""0.000007""",
"=""9""","=""Fluorine""","=""1s2.2s2.2p5""","=""2P*<3/2>""","=""""","=""17.42282""","=""""","=""0.00005""",
"=""10""","=""Neon""","=""1s2.2s2.2p6""","=""1S0""","=""""","=""21.564541""","=""""","=""0.000007""",
"=""11""","=""Sodium""","=""[Ne].3s""","=""2S<1/2>""","=""""","=""5.13907696""","=""""","=""0.00000025""",
"=""12""","=""Magnesium""","=""[Ne].3s2""","=""1S0""","=""""","=""7.646236""","=""""","=""0.000004""",
"=""13""","=""Aluminum""","=""[Ne].3s2.3p""","=""2P*<1/2>""","=""""","=""5.985769""","=""""","=""0.000003""",
"=""14""","=""Silicon""","=""[Ne].3s2.3p2""","=""3P0""","=""""","=""8.15168""","=""""","=""0.00003""",
"=""15""","=""Phosphorus""","=""[Ne].3s2.3p3""","=""4S*<3/2>""","=""""","=""10.486686""","=""""","=""0.000015""",
"=""16""","=""Sulfur""","=""[Ne].3s2.3p4""","=""3P<2>""","=""""","=""10.3600167""","=""""","=""0.0000014""",
"=""17""","=""Chlorine""","=""[Ne].3s2.3p5""","=""2P*<3/2>""","=""""","=""12.967633""","=""""","=""0.000016""",
"=""18""","=""Argon""","=""[Ne].3s2.3p6""","=""1S0""","=""""","=""15.7596119""","=""""","=""0.0000005""",
"=""19""","=""Potassium""","=""[Ar].4s""","=""2S<1/2>""","=""""","=""4.34066373""","=""""","=""0.00000009""",
"=""20""","=""Calcium""","=""[Ar].4s2""","=""1S0""","=""""","=""6.1131549210""","=""""","=""0.0000000005""",
"=""21""","=""Scandium""","=""[Ar].3d.4s2""","=""2D<3/2>""","=""""","=""6.56149""","=""""","=""0.00006""",
"=""22""","=""Titanium""","=""[Ar].3d2.4s2""","=""3F<2>""","=""""","=""6.828120""","=""""","=""0.000012""",
"=""23""","=""Vanadium""","=""[Ar].3d3.4s2""","=""4F<3/2>""","=""""","=""6.746187""","=""""","=""0.000021""",
"=""24""","=""Chromium""","=""[Ar].3d5.4s""","=""7S<3>""","=""""","=""6.76651""","=""""","=""0.00004""",
"=""25""","=""Manganese""","=""[Ar].3d5.4s2""","=""6S<5/2>""","=""""","=""7.4340380""","=""""","=""0.0000012""",
"=""26""","=""Iron""","=""[Ar].3d6.4s2""","=""5D<4>""","=""""","=""7.9024681""","=""""","=""0.0000012""",
"=""27""","=""Cobalt""","=""[Ar].3d7.4s2""","=""4F<9/2>""","=""""","=""7.88101""","=""""","=""0.00012""",
"=""28""","=""Nickel""","=""[Ar].3d8.4s2""","=""3F<4>""","=""""","=""7.639878""","=""""","=""0.000017""",
"=""29""","=""Copper""","=""[Ar].3d10.4s""","=""2S<1/2>""","=""""","=""7.726380""","=""""","=""0.000004""",
"=""30""","=""Zinc""","=""[Ar].3d10.4s2""","=""1S0""","=""""","=""9.394197""","=""""","=""0.000006""",
"=""31""","=""Gallium""","=""[Ar].3d10.4s2.4p""","=""2P*<1/2>""","=""""","=""5.9993020""","=""""","=""0.0000012""",
"=""32""","=""Germanium""","=""[Ar].3d10.4s2.4p2""","=""3P0""","=""""","=""7.899435""","=""""","=""0.000012""",
"=""33""","=""Arsenic""","=""[Ar].3d10.4s2.4p3""","=""4S*<3/2>""","=""""","=""9.78855""","=""""","=""0.00025""",
"=""34""","=""Selenium""","=""[Ar].3d10.4s2.4p4""","=""3P<2>""","=""""","=""9.752368""","=""""","=""0.000006""",
"=""35""","=""Bromine""","=""[Ar].3d10.4s2.4p5""","=""2P*<3/2>""","=""""","=""11.81381""","=""""","=""0.00006""",
"=""36""","=""Krypton""","=""[Ar].3d10.4s2.4p6""","=""1S0""","=""""","=""13.9996055""","=""""","=""0.0000020""",
"=""37""","=""Rubidium""","=""[Kr].5s""","=""2S<1/2>""","=""""","=""4.1771281""","=""""","=""0.0000012""",
"=""38""","=""Strontium""","=""[Kr].5s2""","=""1S0""","=""""","=""5.69486745""","=""""","=""0.00000012""",
"=""39""","=""Yttrium""","=""[Kr].4d.5s2""","=""2D<3/2>""","=""""","=""6.21726""","=""""","=""0.00010""",
"=""40""","=""Zirconium""","=""[Kr].4d2.5s2""","=""3F<2>""","=""""","=""6.634126""","=""""","=""0.000005""",
"=""41""","=""Niobium""","=""[Kr].4d4.5s""","=""6D<1/2>""","=""""","=""6.75885""","=""""","=""0.00004""",
"=""42""","=""Molybdenum""","=""[Kr].4d5.5s""","=""7S<3>""","=""""","=""7.09243""","=""""","=""0.00004""",
"=""43""","=""Technetium""","=""[Kr].4d5.5s2""","=""6S<5/2>""","=""""","=""7.11938""","=""""","=""0.00003""",
"=""44""","=""Ruthenium""","=""[Kr].4d7.5s""","=""5F<5>""","=""""","=""7.36050""","=""""","=""0.00005""",
"=""45""","=""Rhodium""","=""[Kr].4d8.5s""","=""4F<9/2>""","=""""","=""7.45890""","=""""","=""0.00005""",
"=""46""","=""Palladium""","=""[Kr].4d10""","=""1S0""","=""""","=""8.336839""","=""""","=""0.000010""",
"=""47""","=""Silver""","=""[Kr].4d10.5s""","=""2S<1/2>""","=""""","=""7.576234""","=""""","=""0.000025""",
"=""48""","=""Cadmium""","=""[Kr].4d10.5s2""","=""1S0""","=""""","=""8.993820""","=""""","=""0.000016""",
"=""49""","=""Indium""","=""[Cd].5p""","=""2P*<1/2>""","=""""","=""5.7863558""","=""""","=""0.0000005""",
"=""50""","=""Tin""","=""[Cd].5p2""","=""3P0""","=""""","=""7.343918""","=""""","=""0.000012""",
"=""51""","=""Antimony""","=""[Cd].5p3""","=""4S*<3/2>""","=""""","=""8.608389""","=""""","=""0.000012""",
"=""52""","=""Tellurium""","=""[Cd].5p4""","=""3P<2>""","=""""","=""9.009808""","=""""","=""0.000006""",
"=""53""","=""Iodine""","=""[Cd].5p5""","=""2P*<3/2>""","=""""","=""10.451236""","=""""","=""0.000025""",
"=""54""","=""Xenon""","=""[Cd].5p6""","=""1S0""","=""""","=""12.1298437""","=""""","=""0.0000015""",
"=""55""","=""Cesium""","=""[Xe].6s""","=""2S<1/2>""","=""""","=""3.89390572743""","=""""","=""0.00000000017""",
"=""56""","=""Barium""","=""[Xe].6s2""","=""1S0""","=""""","=""5.2116646""","=""""","=""0.0000012""",
"=""57""","=""Lanthanum""","=""[Xe].5d.6s2""","=""2D<3/2>""","=""""","=""5.5769""","=""""","=""0.0006""",
"=""58""","=""Cerium""","=""[Xe].4f.5d.6s2""","=""1G*<4>""","=""""","=""5.5386""","=""""","=""0.0004""",
"=""59""","=""Praseodymium""","=""[Xe].4f3.6s2""","=""4I*<9/2>""","=""[""","=""5.4702""","=""]""","=""0.0004""",
"=""60""","=""Neodymium""","=""[Xe].4f4.6s2""","=""5I<4>""","=""""","=""5.52475""","=""""","=""0.00005""",
"=""61""","=""Promethium""","=""[Xe].4f5.6s2""","=""6H*<5/2>""","=""""","=""5.58187""","=""""","=""0.00004""",
"=""62""","=""Samarium""","=""[Xe].4f6.6s2""","=""7F0""","=""""","=""5.643722""","=""""","=""0.000021""",
"=""63""","=""Europium""","=""[Xe].4f7.6s2""","=""8S*<7/2>""","=""""","=""5.670385""","=""""","=""0.000005""",
"=""64""","=""Gadolinium""","=""[Xe].4f7.5d.6s2""","=""9D*<2>""","=""""","=""6.14980""","=""""","=""0.00004""",
"=""65""","=""Terbium""","=""[Xe].4f9.6s2""","=""6H*<15/2>""","=""""","=""5.8638""","=""""","=""0.0006""",
"=""66""","=""Dysprosium""","=""[Xe].4f10.6s2""","=""5I<8>""","=""""","=""5.939061""","=""""","=""0.000006""",
"=""67""","=""Holmium""","=""[Xe].4f11.6s2""","=""4I*<15/2>""","=""""","=""6.0215""","=""""","=""0.0006""",
"=""68""","=""Erbium""","=""[Xe].4f12.6s2""","=""3H<6>""","=""""","=""6.1077""","=""""","=""0.0010""",
"=""69""","=""Thulium""","=""[Xe].4f13.6s2""","=""2F*<7/2>""","=""""","=""6.184402""","=""""","=""0.000009""",
"=""70""","=""Ytterbium""","=""[Xe].4f14.6s2""","=""1S0""","=""""","=""6.254160""","=""""","=""0.000012""",
"=""71""","=""Lutetium""","=""[Xe].4f14.5d.6s2""","=""2D<3/2>""","=""""","=""5.425871""","=""""","=""0.000012""",
"=""72""","=""Hafnium""","=""[Xe].4f14.5d2.6s2""","=""3F<2>""","=""""","=""6.825070""","=""""","=""0.000012""",
"=""73""","=""Tantalum""","=""[Xe].4f14.5d3.6s2""","=""4F<3/2>""","=""""","=""7.549571""","=""""","=""0.000025""",
"=""74""","=""Tungsten""","=""[Xe].4f14.5d4.6s2""","=""5D0""","=""""","=""7.86403""","=""""","=""0.00010""",
"=""75""","=""Rhenium""","=""[Xe].4f14.5d5.6s2""","=""6S<5/2>""","=""""","=""7.83352""","=""""","=""0.00011""",
"=""76""","=""Osmium""","=""[Xe].4f14.5d6.6s2""","=""5D<4>""","=""""","=""8.43823""","=""""","=""0.00020""",
"=""77""","=""Iridium""","=""[Xe].4f14.5d7.6s2""","=""4F<9/2>""","=""""","=""8.96702""","=""""","=""0.00022""",
"=""78""","=""Platinum""","=""[Xe].4f14.5d9.6s""","=""3D<3>""","=""""","=""8.95883""","=""""","=""0.00010""",
"=""79""","=""Gold""","=""[Xe].4f14.5d10.6s""","=""2S<1/2>""","=""""","=""9.225554""","=""""","=""0.000004""",
"=""80""","=""Mercury""","=""[Xe].4f14.5d10.6s2""","=""1S0""","=""""","=""10.437504""","=""""","=""0.000006""",
"=""81""","=""Thallium""","=""[Hg].6p""","=""2P*<1/2>""","=""""","=""6.1082873""","=""""","=""0.0000012""",
"=""82""","=""Lead""","=""[Hg].6p2""","=""(1/2,1/2)0""","=""""","=""7.4166799""","=""""","=""0.0000006""",
"=""83""","=""Bismuth""","=""[Hg].6p3""","=""4S*<3/2>""","=""""","=""7.285516""","=""""","=""0.000006""",
"=""84""","=""Polonium""","=""[Hg].6p4""","=""3P<2>""","=""""","=""8.418070""","=""""","=""0.000004""",
"=""85""","=""Astatine""","=""[Hg].6p5""","=""2P*<3/2>""","=""""","=""9.31751""","=""""","=""0.00008""",
"=""86""","=""Radon""","=""[Hg].6p6""","=""1S0""","=""""","=""10.74850""","=""""","=""""",
"=""87""","=""Francium""","=""[Rn].7s""","=""2S<1/2>""","=""""","=""4.0727411""","=""""","=""0.0000011""",
"=""88""","=""Radium""","=""[Rn].7s2""","=""1S0""","=""""","=""5.2784239""","=""""","=""0.0000025""",
"=""89""","=""Actinium""","=""[Rn].6d.7s2""","=""2D<3/2>""","=""""","=""5.380235""","=""""","=""0.000012""",
"=""90""","=""Thorium""","=""[Rn].6d2.7s2""","=""3F<2>""","=""""","=""6.30670""","=""""","=""0.00025""",
"=""91""","=""Protactinium""","=""[Rn].5f2.6d.7s2""","=""4K<11/2>""","=""[""","=""5.89""","=""]""","=""0.12""",
"=""92""","=""Uranium""","=""[Rn].5f3.6d.7s2""","=""5L*<6>""","=""""","=""6.19405""","=""""","=""0.00006""",
"=""93""","=""Neptunium""","=""[Rn].5f4.6d.7s2""","=""6L<11/2>""","=""""","=""6.265608""","=""""","=""0.000019""",
"=""94""","=""Plutonium""","=""[Rn].5f6.7s2""","=""7F0""","=""""","=""6.02576""","=""""","=""0.00025""",
"=""95""","=""Americium""","=""[Rn].5f7.7s2""","=""8S*<7/2>""","=""""","=""5.97381""","=""""","=""0.00025""",
"=""96""","=""Curium""","=""[Rn].5f7.6d.7s2""","=""9D*<2>""","=""""","=""5.992241""","=""""","=""0.000020""",
"=""97""","=""Berkelium""","=""[Rn].5f9.7s2""","=""6H*<15/2>""","=""""","=""6.19785""","=""""","=""0.00025""",
"=""98""","=""Californium""","=""[Rn].5f10.7s2""","=""5I<8>""","=""""","=""6.281878""","=""""","=""0.000006""",
"=""99""","=""Einsteinium""","=""[Rn].5f11.7s2""","=""4I*<15/2>""","=""""","=""6.36840""","=""""","=""0.00006""",
"=""100""","=""Fermium""","=""[Rn].5f12.7s2""","=""3H<6>""","=""[""","=""6.50""","=""]""","=""0.07""",
"=""101""","=""Mendelevium""","=""[Rn].5f13.7s2""","=""2F*<7/2>""","=""[""","=""6.58""","=""]""","=""0.07""",
"=""102""","=""Nobelium""","=""[Rn].5f14.7s2""","=""1S0""","=""""","=""6.62621""","=""""","=""0.00005""",
"=""103""","=""Lawrencium""","=""[Rn].5f14.7s2.7p""","=""2P*<1/2>""","=""""","=""4.96""","=""""","=""0.05""",
"=""104""","=""Rutherfordium""","=""[Rn].5f14.6d2.7s2""","=""3F<2>""","=""(""","=""6.02""","="")""","=""0.04""",
"=""105""","=""Dubnium""","=""[Rn].5f14.6d3.7s2""","=""4F<3/2>""","=""(""","=""6.8""","="")""","=""0.5""",
"=""106""","=""Seaborgium""","=""[Rn].5f14.6d4.7s2""","=""0""","=""[""","=""7.8""","=""]""","=""0.5""",
"=""107""","=""Bohrium""","=""[Rn].5f14.6d5.7s2""","=""<5/2>""","=""[""","=""7.7""","=""]""","=""0.5""",
"=""108""","=""Hassium""","=""[Rn].5f14.6d6.7s2""","=""<4>""","=""[""","=""7.6""","=""]""","=""0.5""",
Notes:
(a) Designations used in the ground shell lists:
     [Ne] = 1s2.2s2.2p6
     [Ar] = 1s2.2s2.2p6.3s2.3p6
     [Kr] = 1s2.2s2.2p6.3s2.3p6.3d10.4s2.4p6
     [Cd] = 1s2.2s2.2p6.3s2.3p6.3d10.4s2.4p6.4d10.5s2
     [Xe] = 1s2.2s2.2p6.3s2.3p6.3d10.4s2.4p6.4d10.5s2.5p6
     [Hg] = 1s2.2s2.2p6.3s2.3p6.3d10.4s2.4p6.4d10.5s2.5p6.4f14.5d10.6s2
     [Rn] = 1s2.2s2.2p6.3s2.3p6.3d10.4s2.4p6.4d10.5s2.5p6.4f14.5d10.6s2.6p6
(b) Uncertainties of some of the listed values are unknown. 

